ad_name	off_date
(신)_수원_진료셀프캠_다이어트 빼는 게 아니라 찾는 것_260123	2026-02-12
(신)_서울_진료셀프캠_살빼라고했지 적게 먹으라곤_260120	2026-02-12
(신)_창원_진료셀프캠_살빼라고했지 적게 먹으라곤_260120	2026-02-12
(신)_대구_진료셀프캠_다이어트 빼는 게 아니라 찾는 것_260123	2026-02-12
(신)_대구_진료셀프캠_살빼라고했지 적게 먹으라곤_260120	2026-02-12
(신)_수원_진료셀프캠_다이어트가 끝난 오늘 꼭 해주고 싶은_260123	2026-02-12
(신)_수원_진료셀프캠_살빼라고했지 적게 먹으라곤_260120	2026-02-12
(신)_부평_진료셀프캠_50대 여성, 뱃살부터 늘어나는 이유_251208	2026-02-12
(신)_부평_진료셀프캠_다이어트 빼는 게 아니라 찾는 것_260123	2026-02-12
(신)_부평_진료셀프캠_살빼라고했지 적게 먹으라곤_260120	2026-02-12
(신)_일산_진료셀프캠_살빼라고했지 적게 먹으라곤_260120	2026-02-12
(신)_천안_진료셀프캠_살빼라고했지 적게 먹으라곤_260120	2026-02-12
(신)_서울_진료셀프캠_다이어트 빼는 게 아니라 찾는 것_260123	2026-02-12
(신)_창원_진료셀프캠_다이어트 빼는 게 아니라 찾는 것_260123	2026-02-13
(신)_천안_진료셀프캠_비교하는 순간 다이어트는 실패_260123	2026-02-13
(신)_서울_진료셀프캠_명절음식 급찐살 칼로리 문제가 아닙니다_260211	2026-02-21
(재)_수원_진료셀프캠_명절음식 급찐살 칼로리 문제가 아닙니다_260211	2026-02-21
(재)_부평_진료셀프캠_명절음식 급찐살 칼로리 문제가 아닙니다_260211	2026-02-21
(재)_일산_진료셀프캠_명절음식 급찐살 칼로리 문제가 아닙니다_260211	2026-02-21
(재)_창원_진료셀프캠_명절음식 급찐살 칼로리 문제가 아닙니다_260211	2026-02-21
(재)_천안_진료셀프캠_명절음식 급찐살 칼로리 문제가 아닙니다_260211	2026-02-21
(재)_대구_진료셀프캠_명절음식 급찐살 칼로리 문제가 아닙니다_260211	2026-02-21
(신)_일산_의료진정보_주사형비만치료제맞고 한의원찾아오신_260211	2026-02-26
(재)_부평_의료진정보_다이어트는 왜 항상 요요로 끝날까_260211	2026-02-26
(신)_창원_진료셀프캠_50대 여성, 뱃살부터 늘어나는 이유_251106	2026-02-26
(재)_수원_의료진정보_다이어트는 왜 항상 요요로 끝날까_260211	2026-02-26
(신)_천안_의료진정보_주사형비만치료제맞고 한의원찾아오신_260211	2026-02-26
(신)_창원_의료진정보_주사형비만치료제맞고 한의원찾아오신_260211	2026-03-01
(신)_창원_진료셀프캠_주사형 비만치료제보다 더중요한이것_260120	2026-03-01
(신)_일산_진료셀프캠_다이어트 빼는 게 아니라 찾는 것_260123	2026-03-01
(재)_서울_인플방문후기_체지방만쏙빼는(부산잇츠)_260220	2026-03-01
(신)_창원_인플방문후기_끝내주는 다이어트(창원언니쓰)_260211	2026-03-01
(신)_수원_의료진정보_주사형비만치료제맞고 한의원찾아오신_260211	2026-03-01
(재)_일산_인플방문후기_체지방만쏙빼는(부산잇츠)_260220	2026-03-01
(신)_서울_의료진정보_주사형비만치료제맞고 한의원찾아오신_260211	2026-03-01
(신)_부평_의료진정보_주사형비만치료제맞고 한의원찾아오신_260211	2026-03-01
(신)_대구_인플방문후기_배만 볼록한 대구직장인 다이어트(쭈링)_260211	2026-03-01
(신)_수원_진료셀프캠_주사형 비만치료제보다 더중요한이것_260120	2026-03-01
(재)_일산_인플방문후기_요요없는_260220	2026-03-06
(신)_천안_진료셀프캠_다이어트 빼는 게 아니라 찾는 것_260123	2026-03-06
(신)_일산_의료진정보_다이어트의 적!밥,빵,면_251208	2026-03-07
(재)_부평_인플방문후기_요요없는_260220	2026-03-07
(재)_서울_인플방문후기_맘껏 먹는 다이어트_260220	2026-03-07
(재)_수원_인플방문후기_맘껏 먹는 다이어트_260220	2026-03-07
(재)_천안_인플방문후기_요요없는_260220	2026-03-07
(재)_천안_진료셀프캠_주사형비만치료제 고민끝에 40대부부 -32kg_260225	2026-03-12
(재)_부평_진료셀프캠_밥빵면 못끊던 40대 여성이_260309	2026-03-14
(신)_대구_인플방문후기_50대엄마 혈당다이어트(햅삐)_260317	2026-03-21
(신)_부평_인플방문후기_50대엄마 혈당다이어트(햅삐)_260317	2026-03-21
(재)_대구_진료셀프캠_50대 뱃살 체지방만_260317	2026-03-21
(재)_창원_진료셀프캠_50대 20대처럼 체지방_260317	2026-03-21
(재)_수원_진료셀프캠_50대 20대처럼 체지방_260317	2026-03-21
(신)_수원_인플방문후기_먹을거 다먹으면서(미미)_260317	2026-03-21
(재)_서울_진료셀프캠_50대 뱃살 체지방만_260317	2026-03-22
(재)_수원_의료진정보_비만주사 굶는다이어트_260320	2026-03-25
(재)_천안_진료셀프캠_50대 20대처럼 체지방_260317	2026-03-25
(신)_부평_인플방문후기_더먹어야 다이어트 가능(더먹어유)_260313	2026-03-25
(재)_창원_의료진정보_비만주사요요 탄수중독_260320	2026-03-25
(신)_창원_인플방문후기_더먹어야 다이어트 가능(더먹어유)_260313	2026-03-25
(재)_천안_진료셀프캠_상체비만 40대 팔뚝살부터_260311	2026-03-25
(재)_부평_진료셀프캠_비만주사없이 체질_260320	2026-03-25
(재)_대구_의료진정보_비만주사 굶는다이어트_260320	2026-03-25
(재)_대구_인플방문후기_맘껏먹는 다이어트 한달후기_260306	2026-03-25
(재)_부평_의료진정보_비만주사요요 탄수중독_260320	2026-03-25
(신)_수원_인플방문후기_건강한다이어트(박고경)_260324	2026-03-26
(신)_일산_인플방문후기_건강한다이어트(박고경)_260324	2026-03-26
(재)_서울_진료셀프캠_비만주사없이 체질_260320	2026-03-27
(재)_천안_리얼모델후기_체지방만 14kg 먹으면서_260324	2026-03-27
(재)_창원_리얼모델후기_체지방만 14kg 먹으면서_260324	2026-03-27
(재)_부평_의료진정보_비만주사 굶는다이어트_260320	2026-03-27
(재)_창원_의료진정보_비만주사 10년은 늙어보인대요_260326	2026-03-30
(재)_일산_진료셀프캠_50대 뱃살 체지방만_260317	2026-03-30
(신)_수원_의료진정보_주사형비만치료제 10년은_260116	2026-04-01
(재)_창원_인플방문후기_맘껏먹는 다이어트 한달후기_260306	2026-04-01
(재)_천안_인플방문후기_맘껏먹는 다이어트 한달후기_260306	2026-04-01
(신)_서울_의료진정보_주사형비만치료제 10년은_260116	2026-04-01
(재)_대구_인플방문후기_체지방만쏙빼는(부산잇츠)_260220	2026-04-01
(재)_서울_인플방문후기_건강한다이어트(서울,박고경)_260325	2026-04-01
(재)_부평_진료셀프캠_비만주사 10년은 늙어보인대요_260326	2026-04-01
(재)_수원_진료셀프캠_비만주사 10년은 늙어보인대요_260326	2026-04-01
(재)_일산_진료셀프캠_비만주사끊고15kg_260326	2026-04-01
(재)_대구_진료셀프캠_비만주사 10년은 늙어보인대요_260326	2026-04-01
(재)_대구_의료진정보_비만주사요요 탄수중독_260320	2026-04-01
(재)_천안_진료셀프캠_비만주사끊고15kg_260326	2026-04-01
(재)_창원_방문후기_맘껏 먹는 다이어트_260220	2026-04-02
(재)_대구_인플방문후기_맘껏 먹는 다이어트_260220	2026-04-02
(재)_창원_진료셀프캠_비만주사 10년은 늙어보인대요_260326	2026-04-02
(재)_수원_인플방문후기_요요없는_260220	2026-04-02
(재)_대구_인플방문후기_요요없는_260220	2026-04-02
(재)_창원_방문후기_요요없는_260220	2026-04-02
(재)_서울_인플방문후기_요요없는_260220	2026-04-02
(재)_서울_인플방문후기_먹으면서(대읽남)_260306	2026-04-03
(재)_수원_리얼모델후기_체지방만 14kg 먹으면서_260324	2026-04-03
(재)_창원_진료셀프캠_창원 다이어트 성지_260309	2026-04-03
(재)_창원_인플방문후기_체지방만쏙빼는(부산잇츠)_260220	2026-04-03
(재)_수원_인플방문후기_체지방만쏙빼는(부산잇츠)_260220	2026-04-04
(재)_부평_인플방문후기_맘껏 먹는 다이어트_260220	2026-04-04
(신)_일산_의료진정보_주사형비만치료제 10년은_260116	2026-04-05
(신)_서울_의료진정보_다이어트의 적!밥,빵,면_251020	2026-04-05
(신)_일산_진료셀프캠_주사형 비만치료제보다 더중요한이것_260120	2026-04-05
(재)_부평_인플방문후기_체지방만쏙빼는(부산잇츠)_260220	2026-04-06
(재)_부평_인플방문후기_맘껏먹는 다이어트 한달후기_260306	2026-04-06
(재)_서울_진료QnA_지긋지긋 40대 뱃살 고생없이_260309	2026-04-06
(재)_일산_인플방문후기_먹으면서(대읽남)_260306	2026-04-07
(재)_수원_인플방문후기_먹으면서(대읽남)_260306	2026-04-07
(재)_창원_의료진정보_비만주사 굶는다이어트_260320	2026-04-07
(재)_부평_진료QnA_지긋지긋 40대 뱃살 고생없이_260309	2026-04-07
(재)_천안_인플방문후기_체지방만쏙빼는(부산잇츠)_260220	2026-04-07
(재)_수원_인플방문후기_맘껏먹는 다이어트 한달후기_260306	2026-04-07
(재)_창원_인플방문후기_먹으면서(대읽남)_260306	2026-04-07
(재)_천안_진료셀프캠_비만주사 10년은 늙어보인대요_260326	2026-04-08
(재)_천안_인플방문후기_먹고싶은거다먹는(수원잇츠)_260403	2026-04-08
(재)_대전_인플방문후기_먹으면서(대읽남)_260306	2026-04-08
(재)_대구_진료셀프캠_비만주사끊고15kg_260326	2026-04-08
(재)_창원_진료셀프캠_주사형비만치료제 고민끝에 -32kg 가능했던_260225	2026-04-08
(재)_수원_진료QnA_지긋지긋 40대 뱃살 고생없이_260309	2026-04-08
(재)_대구_진료QnA_지긋지긋 40대 뱃살 고생없이_260309	2026-04-08
(재)_창원_진료QnA_지긋지긋 40대 뱃살 고생없이_260309	2026-04-08
(재)_수원_진료셀프캠_비만주사없이 체질_260320	2026-04-08
(재)_부평_진료셀프캠_비만주사끊고15kg_260326	2026-04-08
(재)_서울_진료셀프캠_비만주사 10년은 늙어보인대요_260326	2026-04-08
(재)_창원_진료셀프캠_주사형비만치료제 고민끝에 50대부부 -32kg_260225	2026-04-08
(재)_창원_진료셀프캠_비만주사끊고15kg_260326	2026-04-08
(재)_일산_진료QnA_지긋지긋 40대 뱃살 고생없이_260309	2026-04-09
(재)_부평_진료셀프캠_50대 뱃살 체지방만_260317	2026-04-09
(재)_부평_진료셀프캠_인천사는 50대 직장인_260311	2026-04-09
(재)_창원_진료셀프캠_밥빵면 못끊던 40대 여성이_260309	2026-04-09
(재)_일산_리얼모델후기_체지방만 14kg 먹으면서_260324	2026-04-09
(재)_천안_진료셀프캠_50대 뱃살 체지방만_260317	2026-04-09
(재)_수원_진료셀프캠_수원사는 50대 직장인_260311	2026-04-09
(재)_창원_의료진정보_무작정운동으로 팩폭_260406	2026-04-10
(재)_천안_진료QnA_지긋지긋 40대 뱃살 고생없이_260309	2026-04-10
(재)_부평_인플방문후기_먹고싶은거다먹는(수원잇츠)_260403	2026-04-10
(재)_서울_진료셀프캠_비만주사끊고15kg_260326	2026-04-10
(재)_일산_진료셀프캠_주사형비만치료제 고민끝에 40대부부 -32kg_260225	2026-04-10
(신)_대구_인플방문후기_먹으면서 다이어트(대읽남)_251017	2026-04-10
(재)_수원_진료셀프캠_비만주사끊고15kg_260326	2026-04-10
(재)_대전_인플방문후기_건강한다이어트(대전, 박고경)_260406	2026-04-10
(신)_대전_진료셀프캠_주사형 비만치료제보다 더중요한이것_260120	2026-04-10
(재)_천안_의료진정보_무작정운동으로 팩폭_260405	2026-04-10
(신)_대구_의료진정보_주사형비만치료제 10년은_260116	2026-04-10
(재)_일산_의료진정보_무작정운동으로 팩폭_260406	2026-04-10
(재)_수원_의료진정보_무작정운동으로 팩폭_260406	2026-04-10
(신)_천안_인플방문후기_더먹어야 다이어트 가능(더먹어유)_260313	2026-04-11
(재)_수원_진료셀프캠_주사형비만치료제 고민끝에 50대부부 -32kg_260225	2026-04-11
(재)_창원_인플방문후기_끝내주는 다이어트(창원언니쓰)_260211	2026-04-11
(신)_대구_인플방문후기_건강한다이어트(박고경)_260324	2026-04-11
(재)_일산_진료셀프캠_복부비만 50대 통짜몸매_260311	2026-04-12
(재)_서울_리얼모델후기_체지방만 14kg 먹으면서_260324	2026-04-12
(재)_대구_리얼모델후기_체지방만 14kg 먹으면서_260324	2026-04-13
(신)_창원_의료진정보_주사형비만치료제 10년은_260116	2026-04-13
(신)_창원_인플방문후기_건강한다이어트(박고경)_260324	2026-04-14
(신)_대구_진료셀프캠_주사형 비만치료제보다 더중요한이것_260120	2026-04-14
(재)_천안_의료진정보_비만주사요요 탄수중독_260320	2026-04-14
(신)_서울_인플방문후기_건강한다이어트(박고경)_260324	2026-04-14
(신)_천안_인플방문후기_건강한다이어트(박고경)_260324	2026-04-14
(신)_서울_진료셀프캠_주사형 비만치료제보다 더중요한이것_260120	2026-04-14
(재)_창원_진료셀프캠_비만주사없이 체질_260320	2026-04-14
(신)_부평_의료진정보_주사형비만치료제 10년은_260116	2026-04-15
(재)_수원_리얼모델후기_16kg 충격적인 아이들 반응_260324	2026-04-15
(신)_수원_인플방문후기_더먹어야 다이어트 가능(더먹어유)_260313	2026-04-15
(재)_수원_진료셀프캠_50대 뱃살 체지방만_260317	2026-04-15
(재)_부평_리얼모델후기_체지방만 14kg 먹으면서_260324	2026-04-15
(재)_수원_진료셀프캠_하체비만 40대 통짜바지_260311	2026-04-15
(재)_대전_인플방문후기_맘껏먹는 다이어트 한달후기_260306	2026-04-15
(재)_일산_인플방문후기_건강한다이어트(일산, 박고경)_260325	2026-04-15
(재)_대구_의료진정보_무작정운동으로 팩폭_260406	2026-04-15
(재)_일산_진료셀프캠_비만주사없이 체질_260320	2026-04-15
(신)_창원_인플방문후기_먹을거 다먹으면서(미미)_260317	2026-04-15
(재)_서울_의료진정보_비만주사 굶는다이어트_260320	2026-04-15
(신)_대구_인플방문후기_당뇨다이어트(대읽남)_260311	2026-04-15
(재)_창원_진료셀프캠_50대 뱃살 체지방만_260311	2026-04-15
(재)_천안_의료진정보_비만주사 굶는다이어트_260320	2026-04-15
(신)_부평_진료셀프캠_주사형 비만치료제보다 더중요한이것_260120	2026-04-15
(재)_일산_진료셀프캠_비만주사 10년은 늙어보인대요_260326	2026-04-15
(재)_수원_의료진정보_비만주사요요 탄수중독_260320	2026-04-15
(신)_창원_인플방문후기_주사형비만치료제(the.hyunniverse)_260403	2026-04-15
(재)_부평_의료진정보_무작정운동으로 팩폭_260406	2026-04-15
(재)_부평_진료셀프캠_주사형비만치료제 고민끝에 50대부부 -32kg_260225	2026-04-15
(재)_서울_의료진정보_무작정운동으로 팩폭_260406	2026-04-15
(재)_서울_인플방문후기_맘껏먹는 다이어트 한달후기_260306	2026-04-15
(재)_수원_인플방문후기_건강한다이어트(수원,박고경)_260325	2026-04-15
(재)_수원_인플방문후기_먹고싶은거다먹는(수원잇츠)_260403	2026-04-15
(재)_창원_의료진정보_4050나잇살 이유는 여기에_260410	2026-04-15
(재)_창원_인플방문후기_건강한다이어트(창원,박고경)_260325	2026-04-15
(재)_천안_의료진정보_4050나잇살 이유는 여기에_260410	2026-04-15
(재)_천안_진료셀프캠_주사형비만치료제 고민끝에 50대부부 -32kg_260225	2026-04-15
(재)_대구_인플방문후기_먹고싶은거다먹는(수원잇츠)_260403	2026-04-15
(재)_서울_인플방문후기_먹고싶은거다먹는(수원잇츠)_260403	2026-04-17
(재)_부평_진료셀프캠_비만주사가놓친것_260414	2026-04-17
(신)_일산_인플방문후기_밥빵면안당기는원장님(itsmeyuriwon)_260407	2026-04-17
(재)_천안_진료셀프캠_의사가권하지않는4050_260414	2026-04-17
(신)_대전_인플방문후기_밥빵면못참는현대인(대전잇츠)_260410	2026-04-17
(재)_대전_진료셀프캠_비만주사가놓친것_260414	2026-04-18
(신)_대구_인플방문후기_주사형비만치료제(the.hyunniverse)_260403	2026-04-18
(재)_수원_진료셀프캠_비만주사가놓친것_260414	2026-04-18
(재)_수원_진료셀프캠_의사가권하지않는4050_260414	2026-04-18
(재)_일산_진료셀프캠_의사가권하지않는4050_260414	2026-04-18
(재)_창원_진료셀프캠_의사가권하지않는4050_260414	2026-04-18
(재)_천안_진료셀프캠_식욕억제주사실패 마지막_260407	2026-04-27
(재)_대전_진료셀프캠_식욕억제주사실패 마지막_260407	2026-04-27
