ad_name,off_date
(재)_서울_인플방문후기_건강한다이어트(서울,박고경)_260325,2026-03-30
(재)_부평_진료셀프캠_비만주사 10년은 늙어보인대요_260326,2026-03-30
(재)_수원_진료셀프캠_비만주사 10년은 늙어보인대요_260326,2026-03-30
(재)_일산_진료셀프캠_비만주사끊고15kg_260326,2026-03-30
(재)_일산_진료셀프캠_50대 뱃살 체지방만_260317,2026-03-30
(재)_대구_진료셀프캠_비만주사 10년은 늙어보인대요_260326,2026-03-30
(재)_대구_의료진정보_비만주사요요 탄수중독_260320,2026-03-30
(재)_창원_진료셀프캠_비만주사 10년은 늙어보인대요_260326,2026-03-30
(재)_천안_진료셀프캠_비만주사끊고15kg_260326,2026-03-30
(재)_서울_진료셀프캠_비만주사 10년은 늙어보인대요_260326,2026-04-08
(재)_부평_진료셀프캠_비만주사끊고15kg_260326,2026-04-08
(재)_수원_진료셀프캠_비만주사없이 체질_260320,2026-04-08
(재)_대구_진료셀프캠_비만주사끊고15kg_260326,2026-04-08
(재)_창원_진료셀프캠_비만주사끊고15kg_260326,2026-04-08
(재)_창원_진료셀프캠_주사형비만치료제 고민끝에 50대부부 -32kg_260225,2026-04-08
(재)_천안_진료셀프캠_비만주사 10년은 늙어보인대요_260326,2026-04-08
(재)_천안_인플방문후기_먹고싶은거다먹는(수원잇츠)_260403,2026-04-08
(재)_대전_인플방문후기_먹으면서(대읽남)_260306,2026-04-08
(재)_천안_진료QnA_지긋지긋 40대 뱃살 고생없이_260309,2026-04-08
(재)_부평_인플방문후기_먹고싶은거다먹는(수원잇츠)_260403,2026-04-08
(재)_서울_진료셀프캠_비만주사끊고15kg_260326,2026-04-08
(재)_일산_진료셀프캠_주사형비만치료제 고민끝에 40대부부 -32kg_260225,2026-04-08
(신)_대구_인플방문후기_먹으면서 다이어트(대읽남)_251017,2026-04-08
(신)_대구_의료진정보_주사형비만치료제 10년은_260116,2026-04-08
(재)_수원_의료진정보_무작정운동으로 팩폭_260406,2026-04-10
(재)_일산_의료진정보_무작정운동으로 팩폭_260406,2026-04-10
(재)_창원_의료진정보_무작정운동으로 팩폭_260406,2026-04-10
(재)_천안_의료진정보_무작정운동으로 팩폭_260405,2026-04-10
(재)_천안_진료셀프캠_식욕억제주사실패 마지막_260407,2026-04-10
(신)_대전_진료셀프캠_주사형 비만치료제보다 더중요한이것_260120,2026-04-10
(재)_대전_인플방문후기_건강한다이어트(대전, 박고경)_260406,2026-04-10
(재)_수원_진료셀프캠_비만주사끊고15kg_260326,2026-04-10
