소재구분,소재유형,소재명,집행지점목록,집행지점분포,집행지점수,총비용,총전환,총클릭,총노출,총랜딩,집행일수,귀속주의건수,매칭키,CPA,CTR,CVR,랜딩률,평가가능,TIER,TIER_근거,지점편중주석,지점별_상대평가
재가공,의료진정보,무작정운동으로 팩폭,"['대구', '부평', '서울', '수원', '일산', '창원', '천안']","{'수원': 4, '일산': 4, '부평': 4, '천안': 4, '서울': 4, '창원': 4, '대구': 4}",7,291779,3,189,31159,0,4,0,의료진정보_무작정운동으로 팩폭,97260.0,0.61,1.59,0.0,False,UNCLASSIFIED,집행 4일 — 데이터 누적 중,,[X] 부평 LOW (157%)
재가공,인플방문후기,"건강한다이어트(대구,박고경)",['대구'],{'대구': 24},1,207748,14,146,18394,0,16,0,"인플방문후기_건강한다이어트(대구,박고경)",14839.0,0.79,9.59,0.0,True,TIER1,"CPA(14,839원) ≤ 목표(28,511원) AND CVR(9.6%) ≥ 5%","[!] 대구 100% 집중 (지점 평균 CPA 22,570원)",[V] 대구 TOP (66%)
재가공,인플방문후기,"건강한다이어트(대전, 박고경)",['대전'],{'대전': 4},1,19090,0,16,3308,0,4,0,"인플방문후기_건강한다이어트(대전, 박고경)",,0.48,0.0,0.0,False,UNCLASSIFIED,집행 4일 — 데이터 누적 중,[!] 대전 100% 집중,
재가공,인플방문후기,"건강한다이어트(수원,박고경)",['수원'],{'수원': 23},1,523010,13,279,40778,0,16,0,"인플방문후기_건강한다이어트(수원,박고경)",40232.0,0.68,4.66,0.0,True,TIER4,TIER1~3 조건 미충족,"[!] 수원 100% 집중 (지점 평균 CPA 42,646원)",
재가공,인플방문후기,"건강한다이어트(일산, 박고경)",['일산'],{'일산': 19},1,28144,1,16,3488,0,16,1,"인플방문후기_건강한다이어트(일산, 박고경)",28144.0,0.46,6.25,0.0,False,LOW_VOLUME,"클릭 16건 / 비용 28,144원 — 표본 부족","[!] 일산 100% 집중 (지점 평균 CPA 15,962원)",[X] 일산 LOW (176%)
재가공,인플방문후기,"건강한다이어트(창원,박고경)",['창원'],{'창원': 19},1,140177,1,70,10272,0,16,0,"인플방문후기_건강한다이어트(창원,박고경)",140177.0,0.68,1.43,0.0,True,TIER4,TIER1~3 조건 미충족,"[!] 창원 100% 집중 (지점 평균 CPA 48,417원)",[X] 창원 LOW (290%)
재가공,인플방문후기,"건강한다이어트(천안, 박고경)",['천안'],{'천안': 20},1,263530,7,118,19759,0,16,0,"인플방문후기_건강한다이어트(천안, 박고경)",37647.0,0.6,5.93,0.0,True,TIER3,"CPA(37,647원) > 목표 / CVR(5.9%) ≥ 5%","[!] 천안 100% 집중 (지점 평균 CPA 32,649원)",
재가공,인플방문후기,맘껏먹는 다이어트 한달후기,"['대전', '서울', '일산']","{'일산': 43, '서울': 40, '대전': 4}",3,653217,41,383,52447,0,35,0,인플방문후기_맘껏먹는 다이어트 한달후기,15932.0,0.73,10.7,0.0,True,TIER1,"CPA(15,932원) ≤ 목표(28,511원) AND CVR(10.7%) ≥ 5%",,
재가공,인플방문후기,먹고싶은거다먹는(수원잇츠),"['대구', '부평', '서울', '수원', '일산', '창원', '천안']","{'수원': 7, '부평': 7, '일산': 7, '대구': 7, '서울': 7, '창원': 7, '천안': 6}",7,488916,20,252,51636,0,7,0,인플방문후기_먹고싶은거다먹는(수원잇츠),24446.0,0.49,7.94,0.0,True,TIER1,"CPA(24,446원) ≤ 목표(28,511원) AND CVR(7.9%) ≥ 5%",,[V] 대구 TOP (70%) | [X] 부평 LOW (248%) | [V] 일산 TOP (66%) | [V] 창원 TOP (60%)
재가공,인플방문후기,먹으면서(대읽남),['대전'],{'대전': 3},1,7051,0,2,772,0,3,0,인플방문후기_먹으면서(대읽남),,0.26,0.0,0.0,False,UNCLASSIFIED,집행 3일 — 데이터 누적 중,[!] 대전 100% 집중,
재가공,진료QnA,지긋지긋 40대 뱃살 고생없이,['천안'],{'천안': 34},1,156429,5,58,14562,0,31,0,진료QnA_지긋지긋 40대 뱃살 고생없이,31286.0,0.4,8.62,0.0,True,TIER3,"CPA(31,286원) > 목표 / CVR(8.6%) ≥ 5%","[!] 천안 100% 집중 (지점 평균 CPA 32,649원)",
재가공,진료셀프캠,다이어트의적 밥빵면,"['대구', '대전']","{'대구': 3, '대전': 3}",2,32651,1,24,4762,0,3,0,진료셀프캠_다이어트의적 밥빵면,32651.0,0.5,4.17,0.0,False,UNCLASSIFIED,집행 3일 — 데이터 누적 중,,
재가공,진료셀프캠,비만주사 10년은 늙어보인대요,"['서울', '일산', '천안']","{'일산': 16, '천안': 15, '서울': 13}",3,79711,4,40,8699,0,15,0,진료셀프캠_비만주사 10년은 늙어보인대요,19928.0,0.46,10.0,0.0,False,LOW_VOLUME,"클릭 40건 / 비용 79,711원 — 표본 부족",,
재가공,진료셀프캠,비만주사끊고15kg,"['대구', '부평', '서울', '수원', '창원']","{'수원': 19, '서울': 19, '부평': 18, '대구': 16, '창원': 14}",5,292515,7,132,28291,0,15,0,진료셀프캠_비만주사끊고15kg,41788.0,0.47,5.3,0.0,True,TIER3,"CPA(41,788원) > 목표 / CVR(5.3%) ≥ 5%",,[X] 대구 LOW (194%) | [X] 부평 LOW (201%) | [V] 서울 TOP (55%) | [X] 수원 LOW (256%)
재가공,진료셀프캠,비만주사없이 체질,['수원'],{'수원': 27},1,528823,8,205,44467,0,20,0,진료셀프캠_비만주사없이 체질,66103.0,0.46,3.9,0.0,True,TIER4,TIER1~3 조건 미충족,"[!] 수원 100% 집중 (지점 평균 CPA 42,646원)",[X] 수원 LOW (155%)
재가공,진료셀프캠,식욕억제주사실패 마지막,"['대구', '대전', '부평', '서울', '수원', '일산', '창원', '천안']","{'대전': 7, '천안': 3, '서울': 3, '대구': 3, '일산': 3, '수원': 3, '부평': 3, '창원': 3}",8,249800,12,179,31107,0,4,0,진료셀프캠_식욕억제주사실패 마지막,20817.0,0.58,6.7,0.0,False,UNCLASSIFIED,집행 4일 — 데이터 누적 중,,[V] 대구 TOP (56%) | [X] 서울 LOW (157%) | [V] 일산 TOP (60%) | [X] 천안 LOW (182%)
재가공,진료셀프캠,주사형비만치료제 고민끝에 40대부부 -32kg,['일산'],{'일산': 72},1,431159,22,287,29770,0,44,1,진료셀프캠_주사형비만치료제 고민끝에 40대부부 -32kg,19598.0,0.96,7.67,0.0,True,TIER1,"CPA(19,598원) ≤ 목표(28,511원) AND CVR(7.7%) ≥ 5%","[!] 일산 100% 집중 (지점 평균 CPA 15,962원)",
재가공,진료셀프캠,주사형비만치료제 고민끝에 50대부부 -32kg,"['대구', '대전', '부평', '서울', '창원', '천안']","{'부평': 80, '서울': 38, '창원': 25, '대구': 24, '대전': 4, '천안': 1}",6,3258688,155,1828,270189,0,44,0,진료셀프캠_주사형비만치료제 고민끝에 50대부부 -32kg,21024.0,0.68,8.48,0.0,True,TIER1,"CPA(21,024원) ≤ 목표(28,511원) AND CVR(8.5%) ≥ 5%",,[V] 부평 TOP (63%)
