ad_id,first_seen_date,snapshot_date,before,after
1856009313310977,20260302,20260403,"(신)_창원_진료셀프캠_50대 여성, 뱃살부터 늘어나는 이유_251106_off","(신)_창원_진료셀프캠_50대 여성, 뱃살부터 늘어나는 이유_251106"
1856009703974929,20260302,20260403,(신)_창원_진료셀프캠_다이어트 빼는 게 아니라 찾는 것_260123_off,(신)_창원_진료셀프캠_다이어트 빼는 게 아니라 찾는 것_260123
1856009703974945,20260302,20260403,(신)_창원_진료셀프캠_살빼라고했지 적게 먹으라곤_260120_off,(신)_창원_진료셀프캠_살빼라고했지 적게 먹으라곤_260120
1856009703976129,20260302,20260403,(신)_창원_의료진정보_주사형비만치료제 10년은_260116_off,(신)_창원_의료진정보_주사형비만치료제 10년은_260116
1856010540141713,20260302,20260317,"(신)_서울_의료진정보_다이어트의 적!밥,빵,면_251020","(신)_서울_의료진정보_다이어트의 적!밥,빵,면_251020_off"
1856010540141713,20260302,20260403,"(신)_서울_의료진정보_다이어트의 적!밥,빵,면_251020_off","(신)_서울_의료진정보_다이어트의 적!밥,빵,면_251020"
1856010540141729,20260302,20260403,(신)_서울_진료셀프캠_다이어트 빼는 게 아니라 찾는 것_260123_off,(신)_서울_진료셀프캠_다이어트 빼는 게 아니라 찾는 것_260123
1856010540141745,20260302,20260403,(신)_서울_진료셀프캠_살빼라고했지 적게 먹으라곤_260120_off,(신)_서울_진료셀프캠_살빼라고했지 적게 먹으라곤_260120
1856010540142849,20260302,20260317,(신)_서울_의료진정보_주사형비만치료제 10년은_260116,(신)_서울_의료진정보_주사형비만치료제 10년은_260116_off
1856010540142849,20260302,20260403,(신)_서울_의료진정보_주사형비만치료제 10년은_260116_off,(신)_서울_의료진정보_주사형비만치료제 10년은_260116
1856010540142865,20260302,20260403,(신)_서울_진료셀프캠_주사형 비만치료제보다 더중요한이것_260120_off,(신)_서울_진료셀프캠_주사형 비만치료제보다 더중요한이것_260120
1856010851355905,20260302,20260403,"(신)_부평_진료셀프캠_50대 여성, 뱃살부터 늘어나는 이유_251208_off","(신)_부평_진료셀프캠_50대 여성, 뱃살부터 늘어나는 이유_251208"
1856010851355921,20260302,20260403,(신)_부평_진료셀프캠_다이어트 빼는 게 아니라 찾는 것_260123_off,(신)_부평_진료셀프캠_다이어트 빼는 게 아니라 찾는 것_260123
1856010851355937,20260302,20260403,(신)_부평_진료셀프캠_살빼라고했지 적게 먹으라곤_260120_off,(신)_부평_진료셀프캠_살빼라고했지 적게 먹으라곤_260120
1856010851356865,20260302,20260401,(신)_부평_진료셀프캠_주사형 비만치료제보다 더중요한이것_260120,(신)_부평_진료셀프캠_주사형 비만치료제보다 더중요한이것_260120_off
1856010851356865,20260302,20260403,(신)_부평_진료셀프캠_주사형 비만치료제보다 더중요한이것_260120_off,(신)_부평_진료셀프캠_주사형 비만치료제보다 더중요한이것_260120
1856011253734417,20260302,20260403,(신)_수원_진료셀프캠_다이어트가 끝난 오늘 꼭 해주고 싶은_260123_off,(신)_수원_진료셀프캠_다이어트가 끝난 오늘 꼭 해주고 싶은_260123
1856011253734433,20260302,20260403,(신)_수원_진료셀프캠_다이어트 빼는 게 아니라 찾는 것_260123_off,(신)_수원_진료셀프캠_다이어트 빼는 게 아니라 찾는 것_260123
1856011253734449,20260302,20260403,(신)_수원_진료셀프캠_살빼라고했지 적게 먹으라곤_260120_off,(신)_수원_진료셀프캠_살빼라고했지 적게 먹으라곤_260120
1856011253736641,20260302,20260317,(신)_수원_의료진정보_주사형비만치료제 10년은_260116,(신)_수원_의료진정보_주사형비만치료제 10년은_260116_off
1856011253736641,20260302,20260403,(신)_수원_의료진정보_주사형비만치료제 10년은_260116_off,(신)_수원_의료진정보_주사형비만치료제 10년은_260116
1856011598448690,20260302,20260317,"(신)_일산_의료진정보_다이어트의 적!밥,빵,면_251208","(신)_일산_의료진정보_다이어트의 적!밥,빵,면_251208_off"
1856011598448690,20260302,20260403,"(신)_일산_의료진정보_다이어트의 적!밥,빵,면_251208_off","(신)_일산_의료진정보_다이어트의 적!밥,빵,면_251208"
1856011598449682,20260302,20260403,(신)_일산_진료셀프캠_살빼라고했지 적게 먹으라곤_260120_off,(신)_일산_진료셀프캠_살빼라고했지 적게 먹으라곤_260120
1856011598449698,20260302,20260317,(신)_일산_의료진정보_주사형비만치료제 10년은_260116,(신)_일산_의료진정보_주사형비만치료제 10년은_260116_off
1856011598449698,20260302,20260403,(신)_일산_의료진정보_주사형비만치료제 10년은_260116_off,(신)_일산_의료진정보_주사형비만치료제 10년은_260116
1856011598449714,20260302,20260317,(신)_일산_진료셀프캠_주사형 비만치료제보다 더중요한이것_260120,(신)_일산_진료셀프캠_주사형 비만치료제보다 더중요한이것_260120_off
1856011598449714,20260302,20260403,(신)_일산_진료셀프캠_주사형 비만치료제보다 더중요한이것_260120_off,(신)_일산_진료셀프캠_주사형 비만치료제보다 더중요한이것_260120
1856011845553202,20260302,20260403,(신)_대구_진료셀프캠_다이어트 빼는 게 아니라 찾는 것_260123_off,(신)_대구_진료셀프캠_다이어트 빼는 게 아니라 찾는 것_260123
1856011845555202,20260302,20260403,(신)_대구_진료셀프캠_살빼라고했지 적게 먹으라곤_260120_off,(신)_대구_진료셀프캠_살빼라고했지 적게 먹으라곤_260120
1856011845555234,20260302,20260401,(신)_대구_진료셀프캠_주사형 비만치료제보다 더중요한이것_260120,(신)_대구_진료셀프캠_주사형 비만치료제보다 더중요한이것_260120_off
1856011845555234,20260302,20260403,(신)_대구_진료셀프캠_주사형 비만치료제보다 더중요한이것_260120_off,(신)_대구_진료셀프캠_주사형 비만치료제보다 더중요한이것_260120
1856012116691041,20260302,20260403,(신)_천안_진료셀프캠_비교하는 순간 다이어트는 실패_260123_off,(신)_천안_진료셀프캠_비교하는 순간 다이어트는 실패_260123
1856012116691057,20260302,20260317,(신)_천안_진료셀프캠_다이어트 빼는 게 아니라 찾는 것_260123,(신)_천안_진료셀프캠_다이어트 빼는 게 아니라 찾는 것_260123_off
1856012116691057,20260302,20260403,(신)_천안_진료셀프캠_다이어트 빼는 게 아니라 찾는 것_260123_off,(신)_천안_진료셀프캠_다이어트 빼는 게 아니라 찾는 것_260123
1856012116692033,20260302,20260403,(신)_천안_진료셀프캠_살빼라고했지 적게 먹으라곤_260120_off,(신)_천안_진료셀프캠_살빼라고했지 적게 먹으라곤_260120
1856012116692065,20260302,20260401,(신)_천안_진료셀프캠_주사형 비만치료제보다 더중요한이것_260120,(신)_천안_진료셀프캠_주사형 비만치료제보다 더중요한이것_260120_off
1856012116692065,20260302,20260403,(신)_천안_진료셀프캠_주사형 비만치료제보다 더중요한이것_260120_off,(신)_천안_진료셀프캠_주사형 비만치료제보다 더중요한이것_260120
1856981455294610,20260302,20260403,(재)_대구_진료셀프캠_명절음식 급찐살 칼로리 문제가 아닙니다_260211_off,(재)_대구_진료셀프캠_명절음식 급찐살 칼로리 문제가 아닙니다_260211
1856981572423681,20260302,20260403,(신)_일산_의료진정보_주사형비만치료제맞고 한의원찾아오신_260211_off,(신)_일산_의료진정보_주사형비만치료제맞고 한의원찾아오신_260211
1856981696472417,20260302,20260403,(재)_창원_진료셀프캠_명절음식 급찐살 칼로리 문제가 아닙니다_260211_off,(재)_창원_진료셀프캠_명절음식 급찐살 칼로리 문제가 아닙니다_260211
1856981958008962,20260302,20260403,(재)_부평_의료진정보_다이어트는 왜 항상 요요로 끝날까_260211_off,(재)_부평_의료진정보_다이어트는 왜 항상 요요로 끝날까_260211
1856981977978097,20260302,20260403,(재)_부평_진료셀프캠_명절음식 급찐살 칼로리 문제가 아닙니다_260211_off,(재)_부평_진료셀프캠_명절음식 급찐살 칼로리 문제가 아닙니다_260211
1856982021926930,20260302,20260403,(재)_수원_의료진정보_다이어트는 왜 항상 요요로 끝날까_260211_off,(재)_수원_의료진정보_다이어트는 왜 항상 요요로 끝날까_260211
1856982088684753,20260302,20260403,(재)_수원_진료셀프캠_명절음식 급찐살 칼로리 문제가 아닙니다_260211_off,(재)_수원_진료셀프캠_명절음식 급찐살 칼로리 문제가 아닙니다_260211
1856982238544002,20260302,20260403,(재)_일산_진료셀프캠_명절음식 급찐살 칼로리 문제가 아닙니다_260211_off,(재)_일산_진료셀프캠_명절음식 급찐살 칼로리 문제가 아닙니다_260211
1856982344257569,20260302,20260403,(재)_천안_진료셀프캠_명절음식 급찐살 칼로리 문제가 아닙니다_260211_off,(재)_천안_진료셀프캠_명절음식 급찐살 칼로리 문제가 아닙니다_260211
1856982408909874,20260302,20260403,(신)_천안_의료진정보_주사형비만치료제맞고 한의원찾아오신_260211_off,(신)_천안_의료진정보_주사형비만치료제맞고 한의원찾아오신_260211
1857623149298785,20260302,20260317,(재)_천안_인플방문후기_체지방만쏙빼는(부산잇츠)_260220,(재)_천안_인플방문후기_체지방만쏙빼는(부산잇츠)_260220_off
1857623149298785,20260302,20260403,(재)_천안_인플방문후기_체지방만쏙빼는(부산잇츠)_260220_off,(재)_천안_인플방문후기_체지방만쏙빼는(부산잇츠)_260220
1857623334895634,20260302,20260317,(재)_창원_인플방문후기_체지방만쏙빼는(부산잇츠)_260220,(재)_창원_인플방문후기_체지방만쏙빼는(부산잇츠)_260220_off
1857623334895634,20260302,20260403,(재)_창원_인플방문후기_체지방만쏙빼는(부산잇츠)_260220_off,(재)_창원_인플방문후기_체지방만쏙빼는(부산잇츠)_260220
1857623431467058,20260302,20260317,(재)_부평_인플방문후기_체지방만쏙빼는(부산잇츠)_260220,(재)_부평_인플방문후기_체지방만쏙빼는(부산잇츠)_260220_off
1857623431467058,20260302,20260403,(재)_부평_인플방문후기_체지방만쏙빼는(부산잇츠)_260220_off,(재)_부평_인플방문후기_체지방만쏙빼는(부산잇츠)_260220
1857623524110338,20260302,20260317,(재)_수원_인플방문후기_체지방만쏙빼는(부산잇츠)_260220,(재)_수원_인플방문후기_체지방만쏙빼는(부산잇츠)_260220_off
1857623524110338,20260302,20260403,(재)_수원_인플방문후기_체지방만쏙빼는(부산잇츠)_260220_off,(재)_수원_인플방문후기_체지방만쏙빼는(부산잇츠)_260220
1857623610157089,20260302,20260317,(재)_대구_인플방문후기_체지방만쏙빼는(부산잇츠)_260220,(재)_대구_인플방문후기_체지방만쏙빼는(부산잇츠)_260220_off
1857623610157089,20260302,20260403,(재)_대구_인플방문후기_체지방만쏙빼는(부산잇츠)_260220_off,(재)_대구_인플방문후기_체지방만쏙빼는(부산잇츠)_260220
1858081862078609,20260302,20260401,(재)_수원_진료셀프캠_주사형비만치료제 고민끝에 50대부부 -32kg_260225,(재)_수원_진료셀프캠_주사형비만치료제 고민끝에 50대부부 -32kg_260225_off
1858081862078609,20260302,20260403,(재)_수원_진료셀프캠_주사형비만치료제 고민끝에 50대부부 -32kg_260225_off,(재)_수원_진료셀프캠_주사형비만치료제 고민끝에 50대부부 -32kg_260225
1858084260708465,20260302,20260317,(재)_천안_진료셀프캠_주사형비만치료제 고민끝에 40대부부 -32kg_260225,(재)_천안_진료셀프캠_주사형비만치료제 고민끝에 40대부부 -32kg_260225_off
1858084260708465,20260302,20260403,(재)_천안_진료셀프캠_주사형비만치료제 고민끝에 40대부부 -32kg_260225_off,(재)_천안_진료셀프캠_주사형비만치료제 고민끝에 40대부부 -32kg_260225
1858084371013634,20260302,20260317,(재)_창원_진료셀프캠_주사형비만치료제 고민끝에 -32kg 가능했던_260225,(재)_창원_진료셀프캠_주사형비만치료제 고민끝에 -32kg 가능했던_260225_off
1858084371013634,20260302,20260403,(재)_창원_진료셀프캠_주사형비만치료제 고민끝에 -32kg 가능했던_260225_off,(재)_창원_진료셀프캠_주사형비만치료제 고민끝에 -32kg 가능했던_260225
1858358875899122,20260317,20260403,(재)_창원_진료셀프캠_주사형비만치료제 고민끝에 -32kg 가능했던_260225_off,(재)_창원_진료셀프캠_주사형비만치료제 고민끝에 -32kg 가능했던_260225
1858358875899970,20260317,20260403,(재)_창원_인플방문후기_체지방만쏙빼는(부산잇츠)_260220_off,(재)_창원_인플방문후기_체지방만쏙빼는(부산잇츠)_260220
1858358889552321,20260317,20260403,(재)_부평_인플방문후기_체지방만쏙빼는(부산잇츠)_260220_off,(재)_부평_인플방문후기_체지방만쏙빼는(부산잇츠)_260220
1858358889552897,20260317,20260401,(신)_부평_진료셀프캠_주사형 비만치료제보다 더중요한이것_260120,(신)_부평_진료셀프캠_주사형 비만치료제보다 더중요한이것_260120_off
1858358889552897,20260317,20260403,(신)_부평_진료셀프캠_주사형 비만치료제보다 더중요한이것_260120_off,(신)_부평_진료셀프캠_주사형 비만치료제보다 더중요한이것_260120
1858358889554017,20260317,20260401,(재)_수원_진료셀프캠_주사형비만치료제 고민끝에 50대부부 -32kg_260225,(재)_수원_진료셀프캠_주사형비만치료제 고민끝에 50대부부 -32kg_260225_off
1858358889554017,20260317,20260403,(재)_수원_진료셀프캠_주사형비만치료제 고민끝에 50대부부 -32kg_260225_off,(재)_수원_진료셀프캠_주사형비만치료제 고민끝에 50대부부 -32kg_260225
1858358889554033,20260317,20260403,(재)_수원_인플방문후기_체지방만쏙빼는(부산잇츠)_260220_off,(재)_수원_인플방문후기_체지방만쏙빼는(부산잇츠)_260220
1858358889557249,20260317,20260403,(신)_수원_의료진정보_주사형비만치료제 10년은_260116_off,(신)_수원_의료진정보_주사형비만치료제 10년은_260116
1858358889560241,20260317,20260403,(재)_대구_인플방문후기_체지방만쏙빼는(부산잇츠)_260220_off,(재)_대구_인플방문후기_체지방만쏙빼는(부산잇츠)_260220
1858358889564609,20260317,20260403,(재)_천안_진료셀프캠_주사형비만치료제 고민끝에 40대부부 -32kg_260225_off,(재)_천안_진료셀프캠_주사형비만치료제 고민끝에 40대부부 -32kg_260225
1858358889564625,20260317,20260403,(재)_천안_인플방문후기_체지방만쏙빼는(부산잇츠)_260220_off,(재)_천안_인플방문후기_체지방만쏙빼는(부산잇츠)_260220
1858358889565697,20260317,20260401,(신)_천안_진료셀프캠_주사형 비만치료제보다 더중요한이것_260120,(신)_천안_진료셀프캠_주사형 비만치료제보다 더중요한이것_260120_off
1858358889565697,20260317,20260403,(신)_천안_진료셀프캠_주사형 비만치료제보다 더중요한이것_260120_off,(신)_천안_진료셀프캠_주사형 비만치료제보다 더중요한이것_260120
1858358889565745,20260317,20260403,(신)_천안_진료셀프캠_다이어트 빼는 게 아니라 찾는 것_260123_off,(신)_천안_진료셀프캠_다이어트 빼는 게 아니라 찾는 것_260123
1858361825289345,20260317,20260403,(신)_서울_진료셀프캠_주사형 비만치료제보다 더중요한이것_260120_off,(신)_서울_진료셀프캠_주사형 비만치료제보다 더중요한이것_260120
1858361825289361,20260317,20260403,(신)_서울_의료진정보_주사형비만치료제 10년은_260116_off,(신)_서울_의료진정보_주사형비만치료제 10년은_260116
1858361825289377,20260317,20260403,"(신)_서울_의료진정보_다이어트의 적!밥,빵,면_251020_off","(신)_서울_의료진정보_다이어트의 적!밥,빵,면_251020"
1858362316758162,20260317,20260401,(신)_대구_진료셀프캠_주사형 비만치료제보다 더중요한이것_260120,(신)_대구_진료셀프캠_주사형 비만치료제보다 더중요한이것_260120_off
1858362316758162,20260317,20260403,(신)_대구_진료셀프캠_주사형 비만치료제보다 더중요한이것_260120_off,(신)_대구_진료셀프캠_주사형 비만치료제보다 더중요한이것_260120
1858362479794210,20260317,20260403,(신)_일산_진료셀프캠_주사형 비만치료제보다 더중요한이것_260120_off,(신)_일산_진료셀프캠_주사형 비만치료제보다 더중요한이것_260120
1858362479794226,20260317,20260403,(신)_일산_의료진정보_주사형비만치료제 10년은_260116_off,(신)_일산_의료진정보_주사형비만치료제 10년은_260116
1858362479795266,20260317,20260403,"(신)_일산_의료진정보_다이어트의 적!밥,빵,면_251208_off","(신)_일산_의료진정보_다이어트의 적!밥,빵,면_251208"
1858601502339202,20260317,20260403,(재)_서울_인플방문후기_맘껏 먹는 다이어트_260220_off,(재)_서울_인플방문후기_맘껏 먹는 다이어트_260220
1858601597995298,20260317,20260403,(재)_서울_인플방문후기_요요없는_260220_off,(재)_서울_인플방문후기_요요없는_260220
1858601730547025,20260317,20260403,(재)_부평_인플방문후기_맘껏 먹는 다이어트_260220_off,(재)_부평_인플방문후기_맘껏 먹는 다이어트_260220
1858601730547041,20260317,20260403,(재)_부평_인플방문후기_요요없는_260220_off,(재)_부평_인플방문후기_요요없는_260220
1858601873531921,20260317,20260403,(재)_수원_인플방문후기_맘껏 먹는 다이어트_260220_off,(재)_수원_인플방문후기_맘껏 먹는 다이어트_260220
1858601873531937,20260317,20260403,(재)_수원_인플방문후기_요요없는_260220_off,(재)_수원_인플방문후기_요요없는_260220
1858601954777185,20260317,20260403,(재)_일산_인플방문후기_요요없는_260220_off,(재)_일산_인플방문후기_요요없는_260220
1858602010463730,20260317,20260403,(재)_대구_인플방문후기_요요없는_260220_off,(재)_대구_인플방문후기_요요없는_260220
1858602010465282,20260317,20260403,(재)_대구_인플방문후기_맘껏 먹는 다이어트_260220_off,(재)_대구_인플방문후기_맘껏 먹는 다이어트_260220
1858602093511906,20260317,20260403,(재)_창원_방문후기_맘껏 먹는 다이어트_260220_off,(재)_창원_방문후기_맘껏 먹는 다이어트_260220
1858602093511922,20260317,20260403,(재)_창원_방문후기_요요없는_260220_off,(재)_창원_방문후기_요요없는_260220
1858602181340466,20260317,20260403,(재)_천안_인플방문후기_요요없는_260220_off,(재)_천안_인플방문후기_요요없는_260220
1858832885592114,20260317,20260403,(재)_서울_진료QnA_지긋지긋 40대 뱃살 고생없이_260306_off,(재)_서울_진료QnA_지긋지긋 40대 뱃살 고생없이_260306
1858832894864641,20260317,20260401,(재)_서울_인플방문후기_먹으면서(대읽남)_260306,(재)_서울_인플방문후기_먹으면서(대읽남)_260306_off
1858832894864641,20260317,20260403,(재)_서울_인플방문후기_먹으면서(대읽남)_260306_off,(재)_서울_인플방문후기_먹으면서(대읽남)_260306
1858833134333138,20260317,20260403,(재)_부평_인플방문후기_맘껏먹는 다이어트 한달후기_260306_off,(재)_부평_인플방문후기_맘껏먹는 다이어트 한달후기_260306
1858833134333154,20260317,20260403,(재)_부평_진료QnA_지긋지긋 40대 뱃살 고생없이_260306_off,(재)_부평_진료QnA_지긋지긋 40대 뱃살 고생없이_260306
1858833266453554,20260317,20260403,(재)_수원_진료QnA_지긋지긋 40대 뱃살 고생없이_260306_off,(재)_수원_진료QnA_지긋지긋 40대 뱃살 고생없이_260306
1858833266455554,20260317,20260403,(재)_수원_인플방문후기_먹으면서(대읽남)_260306_off,(재)_수원_인플방문후기_먹으면서(대읽남)_260306
1858833266455570,20260317,20260403,(재)_수원_인플방문후기_맘껏먹는 다이어트 한달후기_260306_off,(재)_수원_인플방문후기_맘껏먹는 다이어트 한달후기_260306
1858833441333345,20260317,20260403,(재)_일산_진료QnA_지긋지긋 40대 뱃살 고생없이_260306_off,(재)_일산_진료QnA_지긋지긋 40대 뱃살 고생없이_260306
1858833441333361,20260317,20260401,(재)_일산_인플방문후기_먹으면서(대읽남)_260306,(재)_일산_인플방문후기_먹으면서(대읽남)_260306_off
1858833441333361,20260317,20260403,(재)_일산_인플방문후기_먹으면서(대읽남)_260306_off,(재)_일산_인플방문후기_먹으면서(대읽남)_260306
1858833581846610,20260317,20260403,(재)_대구_진료QnA_지긋지긋 40대 뱃살 고생없이_260306_off,(재)_대구_진료QnA_지긋지긋 40대 뱃살 고생없이_260306
1858833581846626,20260317,20260401,(재)_대구_인플방문후기_맘껏먹는 다이어트 한달후기_260306,(재)_대구_인플방문후기_맘껏먹는 다이어트 한달후기_260306_off
1858833581846626,20260317,20260403,(재)_대구_인플방문후기_맘껏먹는 다이어트 한달후기_260306_off,(재)_대구_인플방문후기_맘껏먹는 다이어트 한달후기_260306
1858833707245585,20260317,20260403,(재)_창원_진료QnA_지긋지긋 40대 뱃살 고생없이_260306_off,(재)_창원_진료QnA_지긋지긋 40대 뱃살 고생없이_260306
1858833707245601,20260317,20260401,(재)_창원_인플방문후기_먹으면서(대읽남)_260306,(재)_창원_인플방문후기_먹으면서(대읽남)_260306_off
1858833707245601,20260317,20260403,(재)_창원_인플방문후기_먹으면서(대읽남)_260306_off,(재)_창원_인플방문후기_먹으면서(대읽남)_260306
1858833707245617,20260317,20260403,(재)_창원_인플방문후기_맘껏먹는 다이어트 한달후기_260306_off,(재)_창원_인플방문후기_맘껏먹는 다이어트 한달후기_260306
1858834125348929,20260317,20260401,(재)_천안_인플방문후기_맘껏먹는 다이어트 한달후기_260306,(재)_천안_인플방문후기_맘껏먹는 다이어트 한달후기_260306_off
1858834125348929,20260317,20260403,(재)_천안_인플방문후기_맘껏먹는 다이어트 한달후기_260306_off,(재)_천안_인플방문후기_맘껏먹는 다이어트 한달후기_260306
1859155119020354,20260317,20260401,(재)_창원_인플방문후기_끝내주는 다이어트(창원언니쓰)_260211,(재)_창원_인플방문후기_끝내주는 다이어트(창원언니쓰)_260211_off
1859155119020354,20260317,20260403,(재)_창원_인플방문후기_끝내주는 다이어트(창원언니쓰)_260211_off,(재)_창원_인플방문후기_끝내주는 다이어트(창원언니쓰)_260211
1859155119020370,20260317,20260403,(재)_창원_진료셀프캠_창원 다이어트 성지_260309_off,(재)_창원_진료셀프캠_창원 다이어트 성지_260309
1859155119020386,20260317,20260401,(재)_창원_진료셀프캠_밥빵면 못끊던 40대 여성이_260309,(재)_창원_진료셀프캠_밥빵면 못끊던 40대 여성이_260309_off
1859155119020386,20260317,20260403,(재)_창원_진료셀프캠_밥빵면 못끊던 40대 여성이_260309_off,(재)_창원_진료셀프캠_밥빵면 못끊던 40대 여성이_260309
1859176947897409,20260317,20260401,(재)_창원_진료QnA_지긋지긋 40대 뱃살 고생없이_260309,(재)_창원_진료QnA_지긋지긋 40대 뱃살 고생없이_260309_off
1859176947897409,20260317,20260403,(재)_창원_진료QnA_지긋지긋 40대 뱃살 고생없이_260309_off,(재)_창원_진료QnA_지긋지긋 40대 뱃살 고생없이_260309
1859177074475329,20260317,20260401,(재)_서울_진료QnA_지긋지긋 40대 뱃살 고생없이_260309,(재)_서울_진료QnA_지긋지긋 40대 뱃살 고생없이_260309_off
1859177074475329,20260317,20260403,(재)_서울_진료QnA_지긋지긋 40대 뱃살 고생없이_260309_off,(재)_서울_진료QnA_지긋지긋 40대 뱃살 고생없이_260309
1859177120384098,20260317,20260401,(재)_부평_진료QnA_지긋지긋 40대 뱃살 고생없이_260309,(재)_부평_진료QnA_지긋지긋 40대 뱃살 고생없이_260309_off
1859177120384098,20260317,20260403,(재)_부평_진료QnA_지긋지긋 40대 뱃살 고생없이_260309_off,(재)_부평_진료QnA_지긋지긋 40대 뱃살 고생없이_260309
1859177144096114,20260317,20260401,(재)_일산_진료QnA_지긋지긋 40대 뱃살 고생없이_260309,(재)_일산_진료QnA_지긋지긋 40대 뱃살 고생없이_260309_off
1859177144096114,20260317,20260403,(재)_일산_진료QnA_지긋지긋 40대 뱃살 고생없이_260309_off,(재)_일산_진료QnA_지긋지긋 40대 뱃살 고생없이_260309
1859177169313266,20260317,20260401,(재)_대구_진료QnA_지긋지긋 40대 뱃살 고생없이_260309,(재)_대구_진료QnA_지긋지긋 40대 뱃살 고생없이_260309_off
1859177169313266,20260317,20260403,(재)_대구_진료QnA_지긋지긋 40대 뱃살 고생없이_260309_off,(재)_대구_진료QnA_지긋지긋 40대 뱃살 고생없이_260309
1859177183413426,20260317,20260401,(재)_수원_진료QnA_지긋지긋 40대 뱃살 고생없이_260309,(재)_수원_진료QnA_지긋지긋 40대 뱃살 고생없이_260309_off
1859177183413426,20260317,20260403,(재)_수원_진료QnA_지긋지긋 40대 뱃살 고생없이_260309_off,(재)_수원_진료QnA_지긋지긋 40대 뱃살 고생없이_260309
1859357856823633,20260317,20260403,(재)_부평_진료셀프캠_밥빵면 못끊던 40대 여성이_260309_off,(재)_부평_진료셀프캠_밥빵면 못끊던 40대 여성이_260309
1859357856823649,20260317,20260401,(재)_부평_진료셀프캠_인천사는 50대 직장인_260311,(재)_부평_진료셀프캠_인천사는 50대 직장인_260311_off
1859357856823649,20260317,20260403,(재)_부평_진료셀프캠_인천사는 50대 직장인_260311_off,(재)_부평_진료셀프캠_인천사는 50대 직장인_260311
1859358275806641,20260317,20260401,(재)_수원_진료셀프캠_하체비만 40대 통짜바지_260311,(재)_수원_진료셀프캠_하체비만 40대 통짜바지_260311_off
1859358275806641,20260317,20260403,(재)_수원_진료셀프캠_하체비만 40대 통짜바지_260311_off,(재)_수원_진료셀프캠_하체비만 40대 통짜바지_260311
1859358275807681,20260317,20260401,(재)_수원_진료셀프캠_수원사는 50대 직장인_260311,(재)_수원_진료셀프캠_수원사는 50대 직장인_260311_off
1859358275807681,20260317,20260403,(재)_수원_진료셀프캠_수원사는 50대 직장인_260311_off,(재)_수원_진료셀프캠_수원사는 50대 직장인_260311
1859358483046450,20260317,20260401,(재)_일산_진료셀프캠_복부비만 50대 통짜몸매_260311,(재)_일산_진료셀프캠_복부비만 50대 통짜몸매_260311_off
1859358483046450,20260317,20260403,(재)_일산_진료셀프캠_복부비만 50대 통짜몸매_260311_off,(재)_일산_진료셀프캠_복부비만 50대 통짜몸매_260311
1859358567112033,20260317,20260401,(재)_천안_진료셀프캠_상체비만 40대 팔뚝살부터_260311,(재)_천안_진료셀프캠_상체비만 40대 팔뚝살부터_260311_off
1859358567112033,20260317,20260403,(재)_천안_진료셀프캠_상체비만 40대 팔뚝살부터_260311_off,(재)_천안_진료셀프캠_상체비만 40대 팔뚝살부터_260311
1859417671501954,20260317,20260401,(신)_대구_인플방문후기_당뇨다이어트(대읽남)_260311,(신)_대구_인플방문후기_당뇨다이어트(대읽남)_260311_off
1859417671501954,20260317,20260403,(신)_대구_인플방문후기_당뇨다이어트(대읽남)_260311_off,(신)_대구_인플방문후기_당뇨다이어트(대읽남)_260311
1859538135129201,20260317,20260401,(신)_부평_인플방문후기_더먹어야 다이어트 가능(더먹어유)_260313,(신)_부평_인플방문후기_더먹어야 다이어트 가능(더먹어유)_260313_off
1859538135129201,20260317,20260403,(신)_부평_인플방문후기_더먹어야 다이어트 가능(더먹어유)_260313_off,(신)_부평_인플방문후기_더먹어야 다이어트 가능(더먹어유)_260313
1859538405086241,20260317,20260401,(신)_수원_인플방문후기_더먹어야 다이어트 가능(더먹어유)_260313,(신)_수원_인플방문후기_더먹어야 다이어트 가능(더먹어유)_260313_off
1859538405086241,20260317,20260403,(신)_수원_인플방문후기_더먹어야 다이어트 가능(더먹어유)_260313_off,(신)_수원_인플방문후기_더먹어야 다이어트 가능(더먹어유)_260313
1859538526785570,20260317,20260401,(신)_창원_인플방문후기_더먹어야 다이어트 가능(더먹어유)_260313,(신)_창원_인플방문후기_더먹어야 다이어트 가능(더먹어유)_260313_off
1859538526785570,20260317,20260403,(신)_창원_인플방문후기_더먹어야 다이어트 가능(더먹어유)_260313_off,(신)_창원_인플방문후기_더먹어야 다이어트 가능(더먹어유)_260313
1859538629607521,20260317,20260401,(신)_천안_인플방문후기_더먹어야 다이어트 가능(더먹어유)_260313,(신)_천안_인플방문후기_더먹어야 다이어트 가능(더먹어유)_260313_off
1859538629607521,20260317,20260403,(신)_천안_인플방문후기_더먹어야 다이어트 가능(더먹어유)_260313_off,(신)_천안_인플방문후기_더먹어야 다이어트 가능(더먹어유)_260313
1859895953149089,20260401,20260403,(재)_일산_진료셀프캠_50대 뱃살 체지방만_260317_off,(재)_일산_진료셀프캠_50대 뱃살 체지방만_260317
1859895975928241,20260401,20260403,(재)_천안_진료셀프캠_50대 뱃살 체지방만_260317_off,(재)_천안_진료셀프캠_50대 뱃살 체지방만_260317
1859896079113569,20260401,20260403,(재)_수원_진료셀프캠_50대 뱃살 체지방만_260317_off,(재)_수원_진료셀프캠_50대 뱃살 체지방만_260317
1859896191187025,20260401,20260403,(재)_대구_진료셀프캠_50대 뱃살 체지방만_260317_off,(재)_대구_진료셀프캠_50대 뱃살 체지방만_260317
1859896270778561,20260401,20260403,(재)_부평_진료셀프캠_50대 뱃살 체지방만_260317_off,(재)_부평_진료셀프캠_50대 뱃살 체지방만_260317
1859896310509633,20260401,20260403,(재)_서울_진료셀프캠_50대 뱃살 체지방만_260317_off,(재)_서울_진료셀프캠_50대 뱃살 체지방만_260317
1859896365364290,20260401,20260403,(재)_창원_진료셀프캠_50대 뱃살 체지방만_260311_off,(재)_창원_진료셀프캠_50대 뱃살 체지방만_260311
1859896796626130,20260401,20260403,(신)_부평_인플방문후기_50대엄마 혈당다이어트(햅삐)_260317_off,(신)_부평_인플방문후기_50대엄마 혈당다이어트(햅삐)_260317
1859897183293617,20260401,20260403,(재)_수원_진료셀프캠_50대 20대처럼 체지방_260317_off,(재)_수원_진료셀프캠_50대 20대처럼 체지방_260317
1859897183294593,20260401,20260403,(신)_수원_인플방문후기_먹을거 다먹으면서(미미)_260317_off,(신)_수원_인플방문후기_먹을거 다먹으면서(미미)_260317
1859897365795954,20260401,20260403,(신)_대구_인플방문후기_50대엄마 혈당다이어트(햅삐)_260317_off,(신)_대구_인플방문후기_50대엄마 혈당다이어트(햅삐)_260317
1859897459766273,20260401,20260403,(재)_창원_진료셀프캠_50대 20대처럼 체지방_260317_off,(재)_창원_진료셀프캠_50대 20대처럼 체지방_260317
1859897624509618,20260401,20260403,(신)_창원_인플방문후기_먹을거 다먹으면서(미미)_260317_off,(신)_창원_인플방문후기_먹을거 다먹으면서(미미)_260317
1859897810343346,20260401,20260403,(재)_천안_진료셀프캠_50대 20대처럼 체지방_260317_off,(재)_천안_진료셀프캠_50대 20대처럼 체지방_260317
1860169742535889,20260401,20260403,(재)_서울_의료진정보_비만주사 굶는다이어트_260320_off,(재)_서울_의료진정보_비만주사 굶는다이어트_260320
1860169742535905,20260401,20260403,(재)_서울_진료셀프캠_비만주사없이 체질_260320_off,(재)_서울_진료셀프캠_비만주사없이 체질_260320
1860170168891521,20260401,20260403,(재)_부평_의료진정보_비만주사요요 탄수중독_260320_off,(재)_부평_의료진정보_비만주사요요 탄수중독_260320
1860170168891553,20260401,20260403,(재)_부평_의료진정보_비만주사 굶는다이어트_260320_off,(재)_부평_의료진정보_비만주사 굶는다이어트_260320
1860170429960209,20260401,20260403,(재)_수원_의료진정보_비만주사 굶는다이어트_260320_off,(재)_수원_의료진정보_비만주사 굶는다이어트_260320
1860170767678546,20260401,20260403,(재)_일산_진료셀프캠_비만주사없이 체질_260320_off,(재)_일산_진료셀프캠_비만주사없이 체질_260320
1860170996611154,20260401,20260402,(재)_대구_의료진정보_비만주사요요 탄수중독_260320_off,(재)_대구_의료진정보_비만주사요요 탄수중독_260320
1860171178598913,20260401,20260403,(재)_창원_의료진정보_비만주사요요 탄수중독_260320_off,(재)_창원_의료진정보_비만주사요요 탄수중독_260320
1860171178598945,20260401,20260403,(재)_창원_진료셀프캠_비만주사없이 체질_260320_off,(재)_창원_진료셀프캠_비만주사없이 체질_260320
1860171393987826,20260401,20260403,(재)_천안_의료진정보_비만주사요요 탄수중독_260320_off,(재)_천안_의료진정보_비만주사요요 탄수중독_260320
1860263432482913,20260401,20260403,(재)_천안_의료진정보_비만주사 굶는다이어트_260320_off,(재)_천안_의료진정보_비만주사 굶는다이어트_260320
1860263586161073,20260401,20260403,(재)_창원_의료진정보_비만주사 굶는다이어트_260320_off,(재)_창원_의료진정보_비만주사 굶는다이어트_260320
1860263658516898,20260401,20260403,(재)_대구_의료진정보_비만주사 굶는다이어트_260320_off,(재)_대구_의료진정보_비만주사 굶는다이어트_260320
1860263832597602,20260401,20260403,(재)_수원_의료진정보_비만주사요요 탄수중독_260320_off,(재)_수원_의료진정보_비만주사요요 탄수중독_260320
1860263975141538,20260401,20260403,(재)_부평_진료셀프캠_비만주사없이 체질_260320_off,(재)_부평_진료셀프캠_비만주사없이 체질_260320
1860540120254785,20260401,20260403,(재)_서울_리얼모델후기_체지방만 14kg 먹으면서_260324_off,(재)_서울_리얼모델후기_체지방만 14kg 먹으면서_260324
1860540316833154,20260401,20260403,(재)_부평_리얼모델후기_체지방만 14kg 먹으면서_260324_off,(재)_부평_리얼모델후기_체지방만 14kg 먹으면서_260324
1860540618316817,20260401,20260403,(재)_수원_리얼모델후기_체지방만 14kg 먹으면서_260324_off,(재)_수원_리얼모델후기_체지방만 14kg 먹으면서_260324
1860540762588193,20260401,20260403,(재)_일산_리얼모델후기_체지방만 14kg 먹으면서_260324_off,(재)_일산_리얼모델후기_체지방만 14kg 먹으면서_260324
1860540866227313,20260401,20260403,(재)_대구_리얼모델후기_체지방만 14kg 먹으면서_260324_off,(재)_대구_리얼모델후기_체지방만 14kg 먹으면서_260324
1860540958179489,20260401,20260403,(재)_창원_리얼모델후기_체지방만 14kg 먹으면서_260324_off,(재)_창원_리얼모델후기_체지방만 14kg 먹으면서_260324
1860541057046561,20260401,20260403,(재)_천안_리얼모델후기_체지방만 14kg 먹으면서_260324_off,(재)_천안_리얼모델후기_체지방만 14kg 먹으면서_260324
1860541618997553,20260401,20260403,(신)_수원_인플방문후기_건강한다이어트(박고경)_260324_off,(신)_수원_인플방문후기_건강한다이어트(박고경)_260324
1860541618998401,20260401,20260403,(재)_수원_리얼모델후기_16kg 충격적인 아이들 반응_260324_off,(재)_수원_리얼모델후기_16kg 충격적인 아이들 반응_260324
1860542105384274,20260401,20260403,(신)_창원_인플방문후기_건강한다이어트(박고경)_260324_off,(신)_창원_인플방문후기_건강한다이어트(박고경)_260324
1860542105384290,20260401,20260403,(재)_창원_진료셀프캠_창원 다이어트 성지_260309_off,(재)_창원_진료셀프캠_창원 다이어트 성지_260309
1860542345890177,20260401,20260403,(신)_천안_인플방문후기_건강한다이어트(박고경)_260324_off,(신)_천안_인플방문후기_건강한다이어트(박고경)_260324
1860545998449873,20260401,20260403,(신)_서울_인플방문후기_건강한다이어트(박고경)_260324_off,(신)_서울_인플방문후기_건강한다이어트(박고경)_260324
1860546064810113,20260401,20260403,(신)_대구_인플방문후기_건강한다이어트(박고경)_260324_off,(신)_대구_인플방문후기_건강한다이어트(박고경)_260324
1860546289895601,20260401,20260403,(신)_일산_인플방문후기_건강한다이어트(박고경)_260324_off,(신)_일산_인플방문후기_건강한다이어트(박고경)_260324
1860614178390386,20260401,20260402,"(재)_서울_인플방문후기_건강한다이어트(서울,박고경)_260325_off","(재)_서울_인플방문후기_건강한다이어트(서울,박고경)_260325"
1860713378682306,20260401,20260402,(재)_부평_진료셀프캠_비만주사 10년은 늙어보인대요_260326_off,(재)_부평_진료셀프캠_비만주사 10년은 늙어보인대요_260326
1860713698941122,20260401,20260402,(재)_수원_진료셀프캠_비만주사 10년은 늙어보인대요_260326_off,(재)_수원_진료셀프캠_비만주사 10년은 늙어보인대요_260326
1860714059403745,20260401,20260402,(재)_일산_진료셀프캠_비만주사끊고15kg_260326_off,(재)_일산_진료셀프캠_비만주사끊고15kg_260326
1860714231170321,20260401,20260402,(재)_대구_진료셀프캠_비만주사 10년은 늙어보인대요_260326_off,(재)_대구_진료셀프캠_비만주사 10년은 늙어보인대요_260326
1860714411785218,20260401,20260402,(재)_창원_진료셀프캠_비만주사 10년은 늙어보인대요_260326_off,(재)_창원_진료셀프캠_비만주사 10년은 늙어보인대요_260326
1860714711311361,20260401,20260402,(재)_천안_진료셀프캠_비만주사끊고15kg_260326_off,(재)_천안_진료셀프캠_비만주사끊고15kg_260326
1861074376185921,20260401,20260403,(신)_서울_의료진정보_주사형비만치료제 10년은_260116_off,(신)_서울_의료진정보_주사형비만치료제 10년은_260116
1861074540154882,20260401,20260403,(신)_일산_의료진정보_주사형비만치료제 10년은_260116_off,(신)_일산_의료진정보_주사형비만치료제 10년은_260116
1861074626769138,20260401,20260403,(신)_수원_의료진정보_주사형비만치료제 10년은_260116_off,(신)_수원_의료진정보_주사형비만치료제 10년은_260116
1861074964856914,20260401,20260403,(신)_창원_의료진정보_주사형비만치료제 10년은_260116_off,(신)_창원_의료진정보_주사형비만치료제 10년은_260116
